"Date","mood"
"2014-02-26",6.25
"2014-02-27",6.33333333333333
"2014-03-04",7
"2014-03-05",6.33333333333333
"2014-03-05",8
"2014-03-06",7.2
"2014-03-06",7.25
"2014-03-07",7.4
"2014-03-07",7.5
"2014-03-08",7
"2014-03-08",7.6
"2014-03-09",7.2
"2014-03-09",7.2
"2014-03-10",6.8
"2014-03-10",7.33333333333333
"2014-03-11",6.6
"2014-03-11",6.2
"2014-03-12",7
"2014-03-12",6.4
"2014-03-13",6.6
"2014-03-13",7
"2014-03-13",8
"2014-03-13",7.25
"2014-03-14",8
"2014-03-14",7.4
"2014-03-14",7.8
"2014-03-14",6.5
"2014-03-14",7.4
"2014-03-14",8
"2014-03-15",6.2
"2014-03-15",6.4
"2014-03-15",5.5
"2014-03-15",7
"2014-03-15",6.75
"2014-03-15",6.4
"2014-03-16",6.33333333333333
"2014-03-16",6.33333333333333
"2014-03-16",7
"2014-03-16",6.4
"2014-03-16",6.16666666666667
"2014-03-16",6.6
"2014-03-17",6.75
"2014-03-17",6
"2014-03-17",5.4
"2014-03-17",6.6
"2014-03-17",6.4
"2014-03-17",7.2
"2014-03-18",8.2
"2014-03-18",7.5
"2014-03-18",6.4
"2014-03-18",7
"2014-03-18",7.2
"2014-03-18",6.6
"2014-03-19",6.8
"2014-03-19",6.75
"2014-03-19",6.8
"2014-03-19",7
"2014-03-19",7.8
"2014-03-19",7.4
"2014-03-19",6.4
"2014-03-20",7.25
"2014-03-20",7.2
"2014-03-20",5.25
"2014-03-20",6.4
"2014-03-20",6.4
"2014-03-20",7
"2014-03-20",7
"2014-03-20",5.66666666666667
"2014-03-20",7
"2014-03-20",7
"2014-03-21",6.2
"2014-03-21",7.5
"2014-03-21",9
"2014-03-21",7.25
"2014-03-21",7
"2014-03-21",6.6
"2014-03-21",7
"2014-03-21",6.4
"2014-03-21",6.4
"2014-03-21",7
"2014-03-21",6.8
"2014-03-21",7.4
"2014-03-21",4.66666666666667
"2014-03-21",7
"2014-03-21",7.8
"2014-03-22",6.4
"2014-03-22",6.5
"2014-03-22",7.8
"2014-03-22",3.75
"2014-03-22",6
"2014-03-22",6.4
"2014-03-22",7
"2014-03-22",8.4
"2014-03-22",5.8
"2014-03-22",7
"2014-03-22",6.5
"2014-03-22",7.4
"2014-03-22",6.6
"2014-03-22",7.5
"2014-03-22",7
"2014-03-22",7.6
"2014-03-23",6.8
"2014-03-23",6.25
"2014-03-23",8.2
"2014-03-23",4.4
"2014-03-23",7.75
"2014-03-23",7.2
"2014-03-23",6.75
"2014-03-23",7.4
"2014-03-23",6
"2014-03-23",7
"2014-03-23",7
"2014-03-23",7.4
"2014-03-23",7
"2014-03-23",7.6
"2014-03-23",7
"2014-03-23",7.5
"2014-03-23",7.8
"2014-03-24",6
"2014-03-24",6.4
"2014-03-24",7.8
"2014-03-24",3.75
"2014-03-24",7
"2014-03-24",8
"2014-03-24",6.8
"2014-03-24",7.25
"2014-03-24",8.8
"2014-03-24",6.5
"2014-03-24",7
"2014-03-24",6.4
"2014-03-24",7
"2014-03-24",6
"2014-03-24",6.8
"2014-03-24",5.8
"2014-03-24",7
"2014-03-24",7.8
"2014-03-25",6.75
"2014-03-25",7.75
"2014-03-25",7.8
"2014-03-25",5.33333333333333
"2014-03-25",7
"2014-03-25",7.66666666666667
"2014-03-25",7.2
"2014-03-25",6.2
"2014-03-25",7.6
"2014-03-25",5.75
"2014-03-25",7
"2014-03-25",6
"2014-03-25",7.5
"2014-03-25",5.5
"2014-03-25",6
"2014-03-25",6.2
"2014-03-25",6.6
"2014-03-25",8
"2014-03-26",6.6
"2014-03-26",7.2
"2014-03-26",8.25
"2014-03-26",5.5
"2014-03-26",8
"2014-03-26",6.6
"2014-03-26",6.5
"2014-03-26",7.75
"2014-03-26",8.4
"2014-03-26",7
"2014-03-26",7.2
"2014-03-26",5.6
"2014-03-26",7.2
"2014-03-26",6
"2014-03-26",6.8
"2014-03-26",7
"2014-03-26",6.4
"2014-03-26",6.8
"2014-03-27",7
"2014-03-27",7.25
"2014-03-27",7.75
"2014-03-27",5.8
"2014-03-27",7
"2014-03-27",6.8
"2014-03-27",6.33333333333333
"2014-03-27",7.8
"2014-03-27",7
"2014-03-27",7.4
"2014-03-27",6.6
"2014-03-27",7
"2014-03-27",6
"2014-03-27",7.2
"2014-03-27",6.6
"2014-03-27",7
"2014-03-27",7
"2014-03-27",6.2
"2014-03-27",7.75
"2014-03-28",6.4
"2014-03-28",6.8
"2014-03-28",8
"2014-03-28",6.2
"2014-03-28",7.6
"2014-03-28",8.25
"2014-03-28",6.25
"2014-03-28",8.25
"2014-03-28",6.75
"2014-03-28",7.6
"2014-03-28",6.2
"2014-03-28",7.2
"2014-03-28",6.5
"2014-03-28",7.2
"2014-03-28",6.6
"2014-03-28",6.25
"2014-03-28",7
"2014-03-28",8
"2014-03-28",7.8
"2014-03-29",8
"2014-03-29",7.25
"2014-03-29",8.6
"2014-03-29",6.4
"2014-03-29",7.8
"2014-03-29",7
"2014-03-29",7.16666666666667
"2014-03-29",8
"2014-03-29",6.75
"2014-03-29",7.2
"2014-03-29",8
"2014-03-29",7
"2014-03-29",6
"2014-03-29",6.8
"2014-03-29",7.4
"2014-03-29",7.4
"2014-03-29",7.25
"2014-03-29",8.2
"2014-03-29",8.4
"2014-03-30",7.5
"2014-03-30",7
"2014-03-30",8.4
"2014-03-30",6.2
"2014-03-30",7.8
"2014-03-30",6.2
"2014-03-30",6.8
"2014-03-30",7.75
"2014-03-30",5.8
"2014-03-30",6.2
"2014-03-30",6.5
"2014-03-30",7.4
"2014-03-30",5.4
"2014-03-30",8
"2014-03-30",7
"2014-03-30",7.5
"2014-03-30",7
"2014-03-30",7.2
"2014-03-30",7.6
"2014-03-31",7.4
"2014-03-31",7.2
"2014-03-31",7.4
"2014-03-31",6.8
"2014-03-31",7
"2014-03-31",4.33333333333333
"2014-03-31",7.6
"2014-03-31",7
"2014-03-31",6.4
"2014-03-31",7
"2014-03-31",6.75
"2014-03-31",7.2
"2014-03-31",6
"2014-03-31",7.25
"2014-03-31",7.2
"2014-03-31",7
"2014-03-31",7.5
"2014-03-31",7
"2014-03-31",6.5
"2014-03-31",7.6
"2014-04-01",6
"2014-04-01",7.4
"2014-04-01",7.6
"2014-04-01",7
"2014-04-01",7.75
"2014-04-01",6.6
"2014-04-01",7.2
"2014-04-01",7.6
"2014-04-01",6.4
"2014-04-01",7.5
"2014-04-01",6.2
"2014-04-01",7.2
"2014-04-01",5.8
"2014-04-01",7.4
"2014-04-01",6.4
"2014-04-01",6.25
"2014-04-01",7.5
"2014-04-01",6.6
"2014-04-01",7.5
"2014-04-01",7.8
"2014-04-01",8
"2014-04-02",6.5
"2014-04-02",6.4
"2014-04-02",7.4
"2014-04-02",7
"2014-04-02",6.8
"2014-04-02",5.5
"2014-04-02",6.6
"2014-04-02",6.2
"2014-04-02",6
"2014-04-02",7.4
"2014-04-02",7
"2014-04-02",7.2
"2014-04-02",6.4
"2014-04-02",7.5
"2014-04-02",7.6
"2014-04-02",6.5
"2014-04-02",7
"2014-04-02",6.4
"2014-04-02",6.8
"2014-04-02",8.5
"2014-04-02",7.6
"2014-04-02",6.66666666666667
"2014-04-02",7
"2014-04-03",6.4
"2014-04-03",5.75
"2014-04-03",7.8
"2014-04-03",7.2
"2014-04-03",7.2
"2014-04-03",6.2
"2014-04-03",7
"2014-04-03",7.6
"2014-04-03",5.4
"2014-04-03",7.6
"2014-04-03",7.33333333333333
"2014-04-03",7.2
"2014-04-03",6.25
"2014-04-03",7.2
"2014-04-03",6.6
"2014-04-03",6.66666666666667
"2014-04-03",7
"2014-04-03",6.8
"2014-04-03",7.4
"2014-04-03",8
"2014-04-03",7.25
"2014-04-03",8
"2014-04-03",6.6
"2014-04-03",8
"2014-04-04",6.2
"2014-04-04",6.4
"2014-04-04",7.8
"2014-04-04",7
"2014-04-04",7
"2014-04-04",6.5
"2014-04-04",7.5
"2014-04-04",7.25
"2014-04-04",6.5
"2014-04-04",7.8
"2014-04-04",7.5
"2014-04-04",7.2
"2014-04-04",6.2
"2014-04-04",7
"2014-04-04",7
"2014-04-04",7
"2014-04-04",7
"2014-04-04",6.75
"2014-04-04",7
"2014-04-04",5.75
"2014-04-04",8
"2014-04-04",7.8
"2014-04-04",6.8
"2014-04-04",8
"2014-04-05",6.8
"2014-04-05",7.4
"2014-04-05",7.6
"2014-04-05",7.5
"2014-04-05",7
"2014-04-05",6
"2014-04-05",7.4
"2014-04-05",7.5
"2014-04-05",6.2
"2014-04-05",6.8
"2014-04-05",7.4
"2014-04-05",7.8
"2014-04-05",7
"2014-04-05",7
"2014-04-05",8
"2014-04-05",7
"2014-04-05",6.5
"2014-04-05",8
"2014-04-05",7.4
"2014-04-05",7.6
"2014-04-05",8.2
"2014-04-05",8
"2014-04-05",7.4
"2014-04-05",8.4
"2014-04-06",6.5
"2014-04-06",4.5
"2014-04-06",6.8
"2014-04-06",6.8
"2014-04-06",7
"2014-04-06",6.75
"2014-04-06",7.6
"2014-04-06",6.8
"2014-04-06",6.25
"2014-04-06",6.25
"2014-04-06",7.4
"2014-04-06",6.2
"2014-04-06",6.75
"2014-04-06",7.25
"2014-04-06",7.25
"2014-04-06",7
"2014-04-06",7
"2014-04-06",6.75
"2014-04-06",7
"2014-04-06",7.2
"2014-04-06",7.75
"2014-04-06",8
"2014-04-06",6.6
"2014-04-06",7.6
"2014-04-07",6.5
"2014-04-07",6.8
"2014-04-07",7.4
"2014-04-07",6.75
"2014-04-07",6.2
"2014-04-07",5.4
"2014-04-07",7
"2014-04-07",6.2
"2014-04-07",6.4
"2014-04-07",7.4
"2014-04-07",7
"2014-04-07",6.8
"2014-04-07",7
"2014-04-07",7
"2014-04-07",6.6
"2014-04-07",6.8
"2014-04-07",5.75
"2014-04-07",6.75
"2014-04-07",7.6
"2014-04-07",8
"2014-04-07",7.2
"2014-04-07",7.6
"2014-04-07",6.6
"2014-04-07",7
"2014-04-08",6.6
"2014-04-08",6.25
"2014-04-08",7.4
"2014-04-08",6.75
"2014-04-08",6.6
"2014-04-08",6.8
"2014-04-08",6.5
"2014-04-08",7.2
"2014-04-08",6.25
"2014-04-08",8.2
"2014-04-08",6.8
"2014-04-08",6.8
"2014-04-08",6.4
"2014-04-08",7
"2014-04-08",6.8
"2014-04-08",7.25
"2014-04-08",6.6
"2014-04-08",8
"2014-04-08",6.4
"2014-04-08",7.6
"2014-04-08",7.8
"2014-04-08",7.8
"2014-04-08",7.8
"2014-04-08",7
"2014-04-08",7.8
"2014-04-09",7.4
"2014-04-09",7.25
"2014-04-09",7.8
"2014-04-09",7
"2014-04-09",7.4
"2014-04-09",6.4
"2014-04-09",6.25
"2014-04-09",6.5
"2014-04-09",5.25
"2014-04-09",7.8
"2014-04-09",8
"2014-04-09",7
"2014-04-09",7.2
"2014-04-09",7
"2014-04-09",7.2
"2014-04-09",7.75
"2014-04-09",7.2
"2014-04-09",7.4
"2014-04-09",6.4
"2014-04-09",7
"2014-04-09",7
"2014-04-09",7.6
"2014-04-09",7.75
"2014-04-09",7
"2014-04-09",7.33333333333333
"2014-04-10",7.4
"2014-04-10",7.25
"2014-04-10",7.4
"2014-04-10",7.2
"2014-04-10",7.6
"2014-04-10",6.2
"2014-04-10",7.6
"2014-04-10",6
"2014-04-10",6.4
"2014-04-10",7.6
"2014-04-10",6.66666666666667
"2014-04-10",7.2
"2014-04-10",6.6
"2014-04-10",6.75
"2014-04-10",6.75
"2014-04-10",7
"2014-04-10",7
"2014-04-10",6.5
"2014-04-10",6.6
"2014-04-10",7.4
"2014-04-10",7
"2014-04-10",8.6
"2014-04-10",8.2
"2014-04-10",7.2
"2014-04-10",8.25
"2014-04-11",7
"2014-04-11",6.5
"2014-04-11",7.6
"2014-04-11",7
"2014-04-11",7.8
"2014-04-11",3.5
"2014-04-11",7.6
"2014-04-11",6.8
"2014-04-11",6.6
"2014-04-11",6.8
"2014-04-11",7.75
"2014-04-11",7
"2014-04-11",7
"2014-04-11",7.2
"2014-04-11",6.8
"2014-04-11",7.5
"2014-04-11",7
"2014-04-11",7.75
"2014-04-11",6.6
"2014-04-11",5.8
"2014-04-11",7.4
"2014-04-11",7.2
"2014-04-11",7.66666666666667
"2014-04-11",7.8
"2014-04-11",7.66666666666667
"2014-04-12",7.25
"2014-04-12",6
"2014-04-12",7.66666666666667
"2014-04-12",7
"2014-04-12",8.2
"2014-04-12",6.4
"2014-04-12",7
"2014-04-12",7
"2014-04-12",6.8
"2014-04-12",6.8
"2014-04-12",7.5
"2014-04-12",7.4
"2014-04-12",7
"2014-04-12",7.2
"2014-04-12",7.2
"2014-04-12",6.8
"2014-04-12",7.75
"2014-04-12",7
"2014-04-12",7.75
"2014-04-12",7
"2014-04-12",7.8
"2014-04-12",8.25
"2014-04-12",7.8
"2014-04-12",7
"2014-04-12",8.6
"2014-04-13",8
"2014-04-13",7.2
"2014-04-13",7.4
"2014-04-13",7.5
"2014-04-13",6.5
"2014-04-13",6.5
"2014-04-13",7.6
"2014-04-13",6
"2014-04-13",5.6
"2014-04-13",6.6
"2014-04-13",7
"2014-04-13",6.4
"2014-04-13",7.2
"2014-04-13",7.2
"2014-04-13",6.8
"2014-04-13",7.2
"2014-04-13",6.6
"2014-04-13",7
"2014-04-13",8.75
"2014-04-13",7.2
"2014-04-13",8.2
"2014-04-13",7.2
"2014-04-13",6.8
"2014-04-13",8
"2014-04-14",7.2
"2014-04-14",8
"2014-04-14",7
"2014-04-14",6.4
"2014-04-14",7.25
"2014-04-14",6.2
"2014-04-14",6.6
"2014-04-14",5.8
"2014-04-14",6.6
"2014-04-14",6.8
"2014-04-14",7.5
"2014-04-14",7
"2014-04-14",7
"2014-04-14",7
"2014-04-14",7
"2014-04-14",6.8
"2014-04-14",8
"2014-04-14",6.4
"2014-04-14",7.4
"2014-04-14",7.6
"2014-04-14",6.8
"2014-04-14",8
"2014-04-14",7.75
"2014-04-14",6.2
"2014-04-14",7.5
"2014-04-15",6.4
"2014-04-15",7.25
"2014-04-15",7.6
"2014-04-15",7
"2014-04-15",7
"2014-04-15",6
"2014-04-15",6.4
"2014-04-15",6
"2014-04-15",6.8
"2014-04-15",6
"2014-04-15",6
"2014-04-15",7
"2014-04-15",6.6
"2014-04-15",7
"2014-04-15",6.4
"2014-04-15",6.8
"2014-04-15",7.25
"2014-04-15",7.6
"2014-04-15",6.5
"2014-04-15",6.8
"2014-04-15",7.2
"2014-04-15",6.8
"2014-04-15",8.25
"2014-04-15",7.6
"2014-04-15",7
"2014-04-15",8
"2014-04-16",7.2
"2014-04-16",6.66666666666667
"2014-04-16",8
"2014-04-16",7.2
"2014-04-16",7.6
"2014-04-16",4.75
"2014-04-16",6.6
"2014-04-16",5.5
"2014-04-16",7
"2014-04-16",6
"2014-04-16",6
"2014-04-16",7
"2014-04-16",7.25
"2014-04-16",7.2
"2014-04-16",6.8
"2014-04-16",7.2
"2014-04-16",7.4
"2014-04-16",7.4
"2014-04-16",7.2
"2014-04-16",6.8
"2014-04-16",7.8
"2014-04-16",6.2
"2014-04-16",7.8
"2014-04-16",8.4
"2014-04-16",6.75
"2014-04-16",8.5
"2014-04-16",7
"2014-04-17",6.6
"2014-04-17",6.5
"2014-04-17",7.25
"2014-04-17",6.6
"2014-04-17",6.8
"2014-04-17",3.8
"2014-04-17",6.2
"2014-04-17",7
"2014-04-17",6.8
"2014-04-17",6.4
"2014-04-17",6.2
"2014-04-17",6.4
"2014-04-17",7
"2014-04-17",7
"2014-04-17",6.8
"2014-04-17",6.4
"2014-04-17",7.4
"2014-04-17",6.75
"2014-04-17",6.5
"2014-04-17",6
"2014-04-17",7.6
"2014-04-17",7.8
"2014-04-17",7.6
"2014-04-17",7.6
"2014-04-17",7
"2014-04-17",8.5
"2014-04-17",7.2
"2014-04-18",6.8
"2014-04-18",6.5
"2014-04-18",7.5
"2014-04-18",7.5
"2014-04-18",6.25
"2014-04-18",5.2
"2014-04-18",6
"2014-04-18",6.6
"2014-04-18",6.6
"2014-04-18",3.5
"2014-04-18",6.5
"2014-04-18",6
"2014-04-18",6.8
"2014-04-18",7
"2014-04-18",6.8
"2014-04-18",6.75
"2014-04-18",7.6
"2014-04-18",7
"2014-04-18",6.25
"2014-04-18",7.2
"2014-04-18",8.6
"2014-04-18",5.8
"2014-04-18",8
"2014-04-18",7.4
"2014-04-18",6.8
"2014-04-18",7
"2014-04-18",7.4
"2014-04-19",7.8
"2014-04-19",5.66666666666667
"2014-04-19",7.8
"2014-04-19",7.2
"2014-04-19",6.8
"2014-04-19",7
"2014-04-19",7.8
"2014-04-19",8
"2014-04-19",5.8
"2014-04-19",7.2
"2014-04-19",6.75
"2014-04-19",7
"2014-04-19",7.2
"2014-04-19",7
"2014-04-19",6.8
"2014-04-19",7.5
"2014-04-19",7.75
"2014-04-19",7.25
"2014-04-19",7.5
"2014-04-19",8
"2014-04-19",7.5
"2014-04-19",6.75
"2014-04-19",7
"2014-04-19",7.8
"2014-04-19",7.8
"2014-04-19",7.66666666666667
"2014-04-20",7.25
"2014-04-20",5
"2014-04-20",7.5
"2014-04-20",7.2
"2014-04-20",8.2
"2014-04-20",3
"2014-04-20",6.4
"2014-04-20",6.25
"2014-04-20",6.4
"2014-04-20",6.6
"2014-04-20",7.5
"2014-04-20",7
"2014-04-20",7
"2014-04-20",7.2
"2014-04-20",7.6
"2014-04-20",7.6
"2014-04-20",7.75
"2014-04-20",7.8
"2014-04-20",6.8
"2014-04-20",8
"2014-04-20",7.2
"2014-04-20",7.8
"2014-04-20",7.5
"2014-04-20",7.75
"2014-04-20",8
"2014-04-20",7.4
"2014-04-21",7.6
"2014-04-21",5.5
"2014-04-21",7.4
"2014-04-21",7.2
"2014-04-21",7
"2014-04-21",6.6
"2014-04-21",6.4
"2014-04-21",6.5
"2014-04-21",6
"2014-04-21",7.4
"2014-04-21",7
"2014-04-21",7.2
"2014-04-21",7.25
"2014-04-21",7.4
"2014-04-21",6.4
"2014-04-21",7.4
"2014-04-21",7.2
"2014-04-21",7.5
"2014-04-21",7.4
"2014-04-21",6.4
"2014-04-21",6.8
"2014-04-21",8
"2014-04-21",7.2
"2014-04-21",7.8
"2014-04-21",6.4
"2014-04-21",7
"2014-04-21",7.2
"2014-04-22",7.4
"2014-04-22",5.66666666666667
"2014-04-22",7.6
"2014-04-22",7.2
"2014-04-22",6.6
"2014-04-22",6
"2014-04-22",6
"2014-04-22",6.6
"2014-04-22",6.5
"2014-04-22",5.75
"2014-04-22",7
"2014-04-22",7
"2014-04-22",6.6
"2014-04-22",6.6
"2014-04-22",6.8
"2014-04-22",6.4
"2014-04-22",6.2
"2014-04-22",7.2
"2014-04-22",8.25
"2014-04-22",7.25
"2014-04-22",7.8
"2014-04-22",7.25
"2014-04-22",6.4
"2014-04-22",8
"2014-04-22",7
"2014-04-22",6.2
"2014-04-23",7.6
"2014-04-23",5.5
"2014-04-23",7
"2014-04-23",7.2
"2014-04-23",7
"2014-04-23",6
"2014-04-23",5.6
"2014-04-23",6.33333333333333
"2014-04-23",5.8
"2014-04-23",7.4
"2014-04-23",7
"2014-04-23",7
"2014-04-23",7.25
"2014-04-23",7.25
"2014-04-23",6
"2014-04-23",7
"2014-04-23",7
"2014-04-23",7.5
"2014-04-23",6.5
"2014-04-23",6.2
"2014-04-23",8
"2014-04-23",7
"2014-04-23",7.6
"2014-04-23",7.6
"2014-04-23",7
"2014-04-23",7
"2014-04-23",5.2
"2014-04-24",7.6
"2014-04-24",7
"2014-04-24",7.4
"2014-04-24",7.2
"2014-04-24",7.75
"2014-04-24",5.6
"2014-04-24",6.66666666666667
"2014-04-24",7.2
"2014-04-24",6.6
"2014-04-24",7.66666666666667
"2014-04-24",7.33333333333333
"2014-04-24",7
"2014-04-24",5.4
"2014-04-24",7.2
"2014-04-24",6.6
"2014-04-24",7
"2014-04-24",7.4
"2014-04-24",6.8
"2014-04-24",6
"2014-04-24",5.8
"2014-04-24",7.6
"2014-04-24",8
"2014-04-24",7.8
"2014-04-24",8.2
"2014-04-24",6.5
"2014-04-24",8
"2014-04-24",7
"2014-04-25",7.2
"2014-04-25",9
"2014-04-25",7.5
"2014-04-25",7.2
"2014-04-25",6.4
"2014-04-25",3.33333333333333
"2014-04-25",6.33333333333333
"2014-04-25",7.25
"2014-04-25",5.6
"2014-04-25",7.75
"2014-04-25",8
"2014-04-25",7
"2014-04-25",7.2
"2014-04-25",7.2
"2014-04-25",7.25
"2014-04-25",7
"2014-04-25",7.8
"2014-04-25",6.2
"2014-04-25",6.25
"2014-04-25",6.6
"2014-04-25",7.6
"2014-04-25",7
"2014-04-25",7.5
"2014-04-25",7.5
"2014-04-25",7
"2014-04-25",8
"2014-04-25",8.4
"2014-04-26",7.6
"2014-04-26",7.5
"2014-04-26",7.8
"2014-04-26",7.5
"2014-04-26",5.4
"2014-04-26",6
"2014-04-26",8
"2014-04-26",7
"2014-04-26",8.8
"2014-04-26",8
"2014-04-26",6.2
"2014-04-26",6.75
"2014-04-26",8
"2014-04-26",7.75
"2014-04-26",7
"2014-04-26",7.5
"2014-04-26",7.6
"2014-04-26",7
"2014-04-26",8
"2014-04-26",9.33333333333333
"2014-04-26",8
"2014-04-26",6
"2014-04-26",7.8
"2014-04-26",7
"2014-04-26",7.6
"2014-04-27",7.5
"2014-04-27",7.6
"2014-04-27",7.4
"2014-04-27",7.2
"2014-04-27",6
"2014-04-27",6
"2014-04-27",6.25
"2014-04-27",6
"2014-04-27",8
"2014-04-27",7.66666666666667
"2014-04-27",7
"2014-04-27",7.2
"2014-04-27",7.2
"2014-04-27",6.33333333333333
"2014-04-27",6.8
"2014-04-27",7
"2014-04-27",7
"2014-04-27",7.4
"2014-04-27",7.8
"2014-04-27",8
"2014-04-27",7.25
"2014-04-27",6.5
"2014-04-27",7.8
"2014-04-27",7.4
"2014-04-27",7
"2014-04-27",6.2
"2014-04-28",7.6
"2014-04-28",7
"2014-04-28",7
"2014-04-28",6.75
"2014-04-28",6.75
"2014-04-28",5.8
"2014-04-28",6.6
"2014-04-28",6.6
"2014-04-28",8.16666666666667
"2014-04-28",7
"2014-04-28",8
"2014-04-28",6.75
"2014-04-28",6.4
"2014-04-28",6.8
"2014-04-28",7.6
"2014-04-28",6.8
"2014-04-28",7.2
"2014-04-28",8
"2014-04-28",7.8
"2014-04-28",7.5
"2014-04-28",7
"2014-04-28",8
"2014-04-28",6.8
"2014-04-28",7.5
"2014-04-28",6.75
"2014-04-29",7
"2014-04-29",7.2
"2014-04-29",6.8
"2014-04-29",7.25
"2014-04-29",5
"2014-04-29",5.75
"2014-04-29",6.75
"2014-04-29",6
"2014-04-29",8.5
"2014-04-29",7
"2014-04-29",7
"2014-04-29",7
"2014-04-29",7.2
"2014-04-29",7.25
"2014-04-29",7.4
"2014-04-29",6
"2014-04-29",6
"2014-04-29",6.6
"2014-04-29",7.2
"2014-04-29",7
"2014-04-29",7.6
"2014-04-29",8
"2014-04-29",7
"2014-04-29",8
"2014-04-29",6.2
"2014-04-30",7.8
"2014-04-30",7
"2014-04-30",7
"2014-04-30",6.8
"2014-04-30",5
"2014-04-30",6.66666666666667
"2014-04-30",7
"2014-04-30",6.25
"2014-04-30",7.83333333333333
"2014-04-30",7
"2014-04-30",6
"2014-04-30",7
"2014-04-30",7
"2014-04-30",7
"2014-04-30",7
"2014-04-30",9
"2014-04-30",6.33333333333333
"2014-04-30",6.2
"2014-04-30",6.2
"2014-04-30",6.6
"2014-04-30",6.2
"2014-04-30",7.8
"2014-04-30",7.8
"2014-04-30",7
"2014-04-30",7
"2014-04-30",6.4
"2014-05-01",8
"2014-05-01",7.2
"2014-05-01",6.8
"2014-05-01",8
"2014-05-01",5
"2014-05-01",7
"2014-05-01",7.5
"2014-05-01",6.2
"2014-05-01",8.33333333333333
"2014-05-01",6
"2014-05-01",6.6
"2014-05-01",7
"2014-05-01",8
"2014-05-01",6.8
"2014-05-01",7
"2014-05-01",7.4
"2014-05-01",7
"2014-05-01",6.8
"2014-05-01",7.6
"2014-05-01",6.4
"2014-05-01",7.6
"2014-05-01",8.2
"2014-05-01",7
"2014-05-01",7
"2014-05-01",7
"2014-05-02",7.6
"2014-05-02",7.6
"2014-05-02",7
"2014-05-02",7.2
"2014-05-02",6.2
"2014-05-02",7.2
"2014-05-02",7.6
"2014-05-02",5.5
"2014-05-02",8
"2014-05-02",6.66666666666667
"2014-05-02",7
"2014-05-02",8
"2014-05-02",7
"2014-05-02",7.8
"2014-05-02",7.2
"2014-05-02",7
"2014-05-02",6.5
"2014-05-02",7.2
"2014-05-02",7.2
"2014-05-02",6.8
"2014-05-02",8
"2014-05-02",7
"2014-05-02",7.25
"2014-05-03",8
"2014-05-03",7.75
"2014-05-03",6.75
"2014-05-03",6.25
"2014-05-03",5.66666666666667
"2014-05-03",7.4
"2014-05-03",7.75
"2014-05-03",5.6
"2014-05-03",7.25
"2014-05-03",6.8
"2014-05-03",6.8
"2014-05-03",7.25
"2014-05-03",7.4
"2014-05-03",6.75
"2014-05-03",6.83333333333333
"2014-05-03",6.4
"2014-05-03",7.8
"2014-05-03",6.4
"2014-05-03",7.4
"2014-05-03",8
"2014-05-03",7.8
"2014-05-03",7.4
"2014-05-03",7.5
"2014-05-04",8
"2014-05-04",7.4
"2014-05-04",7
"2014-05-04",7.6
"2014-05-04",8
"2014-05-04",6.8
"2014-05-04",6.6
"2014-05-04",4.8
"2014-05-04",8
"2014-05-04",6.8
"2014-05-04",7
"2014-05-04",7
"2014-05-04",6.6
"2014-05-04",7.33333333333333
"2014-05-04",7.5
"2014-05-04",7.2
"2014-05-04",7.4
"2014-05-04",7.4
"2014-05-04",6.8
"2014-05-04",8
"2014-05-04",7.8
"2014-05-04",7.2
"2014-05-04",8.66666666666667
"2014-05-04",8.33333333333333
"2014-05-05",7.25
"2014-05-05",6.33333333333333
"2014-05-05",7
"2014-05-05",5.5
"2014-05-05",6.66666666666667
"2014-05-05",6
"2014-05-05",6
"2014-05-05",7
"2014-05-05",7
"2014-05-05",7.33333333333333
"2014-05-05",7.5
"2014-05-05",7
"2014-05-05",7
"2014-05-05",6
"2014-05-05",6.66666666666667
"2014-05-05",6.5
"2014-05-05",7.66666666666667
"2014-05-05",7
"2014-05-05",7.33333333333333
"2014-05-05",8
"2014-05-05",7
"2014-05-05",7
"2014-05-05",7.25
"2014-05-07",7.66666666666667
"2014-05-07",6.75
"2014-05-07",7
"2014-05-07",7
"2014-05-07",6.8
"2014-05-07",6.8
"2014-05-07",7.8
"2014-05-07",6.33333333333333
"2014-05-07",7.8
"2014-05-07",6.75
"2014-05-07",6
"2014-05-07",5
"2014-05-08",7
"2014-05-08",7
"2014-05-08",7
"2014-05-08",7
"2014-05-08",6.6
"2014-05-08",7
"2014-05-08",6.5
"2014-05-08",7.8
"2014-05-08",7
"2014-05-08",6
"2014-05-08",6.6
"2014-05-09",7.4
"2014-05-09",6.8
"2014-05-09",6.4
"2014-05-09",7.4
"2014-05-09",7
"2014-05-09",7.75
"2014-05-09",4.8
"2014-05-10",7
"2014-05-10",8
"2014-05-10",6.6
"2014-05-10",7
"2014-05-10",7.33333333333333
"2014-05-10",7.25
"2014-05-10",7.6
"2014-05-11",7.25
"2014-05-11",6.2
"2014-05-11",7
"2014-05-11",7
"2014-05-11",7
"2014-05-11",7.2
"2014-05-11",6
"2014-05-12",7
"2014-05-12",6.4
"2014-05-12",7.8
"2014-05-12",7.6
"2014-05-12",7
"2014-05-12",7.2
"2014-05-12",6
"2014-05-13",7.5
"2014-05-13",7
"2014-05-13",6.8
"2014-05-13",8.2
"2014-05-13",7
"2014-05-13",5
"2014-05-14",5.2
"2014-05-14",6
"2014-05-14",7.5
"2014-05-14",7.6
"2014-05-14",7
"2014-05-14",6.83333333333333
"2014-05-15",6.4
"2014-05-15",6.4
"2014-05-15",7
"2014-05-15",6
"2014-05-15",7
"2014-05-15",6
"2014-05-16",7
"2014-05-16",7.4
"2014-05-16",7
"2014-05-17",7.6
"2014-05-17",7.4
"2014-05-17",6
"2014-05-18",7.2
"2014-05-18",7.2
"2014-05-18",6
"2014-05-19",7.4
"2014-05-19",7.4
"2014-05-19",6.2
"2014-05-20",7
"2014-05-20",7.6
"2014-05-20",6.25
"2014-05-21",6.2
"2014-05-21",7
"2014-05-21",6
"2014-05-22",6.6
"2014-05-22",6.6
"2014-05-22",5.75
"2014-05-23",6.8
"2014-05-23",6.2
"2014-05-23",5.83333333333333
"2014-05-24",7.2
"2014-05-24",7.6
"2014-05-24",6.4
"2014-05-25",7
"2014-05-25",8
"2014-05-25",6.25
"2014-05-26",7
"2014-05-26",7.2
"2014-05-26",5.4
"2014-05-27",6.2
"2014-05-27",5.8
"2014-05-27",6.2
"2014-05-28",6.6
"2014-05-28",5.4
"2014-05-28",8.2
"2014-05-29",7
"2014-05-29",7.4
"2014-05-29",7
"2014-05-30",7.4
"2014-05-30",6.4
"2014-05-30",6.8
"2014-05-31",7
"2014-05-31",7
"2014-06-01",6.83333333333333
"2014-06-02",6.75
"2014-06-03",7.8
"2014-06-04",7
"2014-06-05",7
"2014-06-06",7.5
"2014-06-07",8
"2014-06-08",6.5
